Campbell Residential E14 4AS,campbell-residential-london-53870
site:http://www.campbell-online.co.uk NN11 4HU,campbells-hq-daventry-14655
Baxters SP1 1EY,baxters-salisbury-55933
site:http://www.caddingtonblue.com SE1 1YP,caddington-blue-london-32606
site:http://www.arington.co.uk/ RH15 9DE,arington-burgess-hill-57054
Hambledon Estate Agents BA9 9JT,hambledon-estate-agents-wincanton-3570
P 4 I Ltd E5 9AB,p-4-i-ltd-london-41968
Smiddy & Co WD17 2JP,smiddy-and-co-watford-65086
Stoneview N13 5TJ,stoneview-london-29592
General Accommodation Estates Ltd N13 4EP,general-accommodation-estates-ltd-london-18417
Auction House Beds & Bucks MK40 2QN,auction-house-beds-and-bucks-bedford-58178
Auction House London NW3 6AL,auction-house-london-london-54021
The Workplace Company,the-workplace-company-67934
Davies & Co AL10 0BY,davies-and-co-hatfield-65003
Oppida SE16 4RT,oppida-london-5688
site:http://www.oyster-properties.co.uk/ HA7 1AR,oyster-properties-stanmore-5732
site:http://thomasmichael.co.uk,thomas-michael-55793
